relative_path,filename,true_label,predicted_label,confidence,confidence_percent,dots_probability,irregular_probability,lines_probability,mixed_probability,correct,inference_time_ms,include_in_primary,evaluation_subset,source_reference,source_group_id,sample_id,color_domain_review,label_review_status,manifest_notes,width,height,image_mode,image_sha256
lines/lines_01.png,lines_01.png,lines,irregular,0.9999997615814209,99.99997615814209,5.4302481537640243e-17,0.9999997615814209,1.840422072518777e-07,4.564135789372821e-17,False,79.56019999983255,True,external_unreviewed,,,,pending,pending,,714,870,RGBA,fec43e944e7cf319a88ef94bdb0014d85927ecc4211bf35af879e2b253f5718b
mixed/mixed_07.png,mixed_07.png,mixed,lines,0.6404964327812195,64.04964327812195,0.021233944222331047,0.007424526382237673,0.6404964327812195,0.3308451175689697,False,85.66189999692142,True,external_unreviewed,,,,pending,pending,,1042,1042,RGBA,e57aeb15799b4f1bc30edeab6bf73ff42c7a74336c2df737fd6a0329b0866c0d
lines/lines_18.png,lines_18.png,lines,mixed,0.6146520376205444,61.46520376205444,0.07176153361797333,0.014178355224430561,0.29940810799598694,0.6146520376205444,False,65.500400000019,True,external_unreviewed,,,,pending,pending,,556,532,RGBA,42aca41abcf9b752f0dcafc269eba5ffd35e6fb6ac72f8833f8d645af6fa0809
mixed/mixed_05.png,mixed_05.png,mixed,lines,0.5676323175430298,56.76323175430298,0.031942497938871384,0.00862830225378275,0.5676323175430298,0.39179691672325134,False,86.96960000088438,True,external_unreviewed,,,,,,,1042,1042,RGBA,cc47186ff2aa50d638ac24d9fa5baca178c7271ec334cb4c28b4319cfc0c1c77
irregular/irregular_06.jpeg,irregular_06.jpeg,irregular,lines,0.5373424887657166,53.734248876571655,2.4790388124529272e-06,0.4625939428806305,0.5373424887657166,6.108225352363661e-05,False,75.93179999093991,True,external_unreviewed,,,,,,,1254,1254,RGB,6341df71c8836694a2474825d6495f3411ae5b435efe06f686686bf8e455d0e4
