{
  "evaluation_name": "primary",
  "n_images": 50,
  "n_correct": 45,
  "accuracy": 0.9,
  "accuracy_95_ci_low_wilson": 0.7863976856252035,
  "accuracy_95_ci_high_wilson": 0.9565242350681096,
  "balanced_accuracy": 0.8892857142857142,
  "macro_precision": 0.9007936507936508,
  "macro_recall": 0.8892857142857142,
  "macro_f1": 0.8943242251971392,
  "weighted_precision": 0.9006349206349205,
  "weighted_recall": 0.9,
  "weighted_f1": 0.8996405648267009,
  "matthews_correlation_coefficient": 0.8594180458976465,
  "cohen_kappa": 0.8589164785553047,
  "mean_confidence": 0.8826599037647247,
  "mean_confidence_correct": 0.9060638255543179,
  "mean_confidence_incorrect": 0.6720246076583862,
  "expected_calibration_error_10_bins": 0.04837653756141658
}