{
  "timestamp_utc": "2026-06-21T03:22:21.982460+00:00",
  "python": "3.13.14 (tags/v3.13.14:fd17997, Jun 10 2026, 13:03:48) [MSC v.1944 64 bit (AMD64)]",
  "platform": "Windows-11-10.0.26200-SP0",
  "torch": "2.11.0+cpu",
  "device": "cpu",
  "cuda_available": false,
  "cuda_device_name": null,
  "project_dir": "E:\\MRL project - Copy (2)\\AFM_Web-main",
  "test_dir": "E:\\MRL project - Copy (2)\\AFM_Web-main\\test",
  "manifest": "E:\\MRL project - Copy (2)\\AFM_Web-main\\evaluation\\test_manifest.csv",
  "cnn_model": "E:\\MRL project - Copy (2)\\AFM_Web-main\\cnn_rgb_classifier.pth",
  "cnn_model_sha256": "dd309d7d0d6706f34b762b396b4142e2586f4859d27f5cb409b9093156bba256",
  "cnn_script": "E:\\MRL project - Copy (2)\\AFM_Web-main\\1.cnn_inference 1.py",
  "cnn_script_sha256": "43ca16cabf9b7b7b07b7c631f93c799a862eb86acc9a63b03f9969ee276843e0",
  "class_order": [
    "dots",
    "irregular",
    "lines",
    "mixed"
  ],
  "preprocessing": "RGB -> resize 217x217 -> ToTensor; no normalization",
  "all_external_summary": {
    "evaluation_name": "all_external",
    "n_images": 52,
    "n_correct": 47,
    "accuracy": 0.9038461538461539,
    "accuracy_95_ci_low_wilson": 0.7939036987986837,
    "accuracy_95_ci_high_wilson": 0.9582256489474276,
    "balanced_accuracy": 0.8938311688311689,
    "macro_precision": 0.9035714285714286,
    "macro_recall": 0.8938311688311689,
    "macro_f1": 0.8980836236933798,
    "weighted_precision": 0.9046703296703296,
    "weighted_recall": 0.9038461538461539,
    "weighted_f1": 0.9036451353524525,
    "matthews_correlation_coefficient": 0.8656755447318041,
    "cohen_kappa": 0.8652151373768793,
    "mean_confidence": 0.8861324993463663,
    "mean_confidence_correct": 0.9089099346323216,
    "mean_confidence_incorrect": 0.6720246076583862,
    "expected_calibration_error_10_bins": 0.04547541645857008
  },
  "primary_summary": {
    "evaluation_name": "primary",
    "n_images": 50,
    "n_correct": 45,
    "accuracy": 0.9,
    "accuracy_95_ci_low_wilson": 0.7863976856252035,
    "accuracy_95_ci_high_wilson": 0.9565242350681096,
    "balanced_accuracy": 0.8892857142857142,
    "macro_precision": 0.9007936507936508,
    "macro_recall": 0.8892857142857142,
    "macro_f1": 0.8943242251971392,
    "weighted_precision": 0.9006349206349205,
    "weighted_recall": 0.9,
    "weighted_f1": 0.8996405648267009,
    "matthews_correlation_coefficient": 0.8594180458976465,
    "cohen_kappa": 0.8589164785553047,
    "mean_confidence": 0.8826599037647247,
    "mean_confidence_correct": 0.9060638255543179,
    "mean_confidence_incorrect": 0.6720246076583862,
    "expected_calibration_error_10_bins": 0.04837653756141658
  }
}